{
  "short_name": "Calculateur IPP",
  "name": "Calculateur IPP CNAS - Guide Médecin Conseil",
  "description": "Application offline pour médecins conseil CNAS : Calculateur d'IPP avec 962 lésions, assistance IA locale (Ollama), guide législatif, maladies professionnelles, outils médicaux. Fonctionne sans internet !",
  "icons": [
    {
      "src": "/icons/icon-192x192.png",
      "sizes": "192x192",
      "type": "image/png",
      "purpose": "any"
    },
    {
      "src": "/icons/icon-512x512.png",
      "sizes": "512x512",
      "type": "image/png",
      "purpose": "any maskable"
    }
  ],
  "start_url": "/",
  "scope": "/",
  "display": "standalone",
  "orientation": "portrait-primary",
  "theme_color": "#0f172a",
  "background_color": "#f1f5f9",
  "categories": ["medical", "health", "productivity", "utilities"],
  "prefer_related_applications": false,
  "lang": "fr-DZ",
  "dir": "ltr",
  "screenshots": [
    {
      "src": "/icons/icon-512x512.png",
      "sizes": "512x512",
      "type": "image/png",
      "label": "Calculateur IPP - Interface principale"
    }
  ],
  "shortcuts": [
    {
      "name": "Calculateur IPP",
      "short_name": "IPP",
      "description": "Accès direct au calculateur d'IPP",
      "url": "/?page=calculator",
      "icons": [{ "src": "/icons/icon-192x192.png", "sizes": "192x192" }]
    },
    {
      "name": "Outils Médicaux",
      "short_name": "Outils",
      "description": "Accès aux outils pratiques",
      "url": "/?page=tools",
      "icons": [{ "src": "/icons/icon-192x192.png", "sizes": "192x192" }]
    }
  ]
}